RI,Na,Mg,Al,Si,K,Ca,Ba,Fe
1.51751,12.81,3.57,1.35,73.02,0.62,8.59,0,0
1.52171,11.56,1.88,1.56,72.86,0.47,11.41,0,0
1.51829,14.46,2.24,1.62,72.38,0,9.26,0,0
